{
    "dem": {
        "max": [
            2431.603515625
        ],
        "mean": [
            174.36840170209004
        ],
        "min": [
            -748.5090942382812
        ],
        "p2": [
            1369.14697265625
        ],
        "std": [
            146.73762457610277
        ]
    },
    "label_max": 53119.0,
    "lcz": {
        "max": [
            17.0
        ],
        "mean": [
            11.492135234839703
        ],
        "min": [
            0.0
        ],
        "p2": [
            17.0
        ],
        "std": [
            3.6028330757286917
        ]
    },
    "lu": {
        "max": [
            3.9082448482513428,
            2.0,
            1.6416010856628418,
            3.9946892261505127
        ],
        "mean": [
            0.001654621725817943,
            0.0015824349592059677,
            0.004572641945290853,
            0.023569335632240125
        ],
        "min": [
            0.0,
            0.0,
            0.0,
            0.0
        ],
        "p2": [
            0.5078177452087402,
            0.5643428564071655,
            0.37478506565093994,
            0.9266399145126343
        ],
        "std": [
            0.029239045964857307,
            0.030146358555236587,
            0.03139316236169982,
            0.08754298808283276
        ]
    },
    "sen2_rgb_autumn": {
        "max": [
            32774.0,
            32417.0,
            32977.0
        ],
        "mean": [
            822.3475020019122,
            978.9426163334377,
            1178.6496891257075
        ],
        "min": [
            0.0,
            0.0,
            0.0
        ],
        "p2": [
            3723.0,
            3298.0,
            3349.0
        ],
        "std": [
            410.06366000207083,
            295.4975345097872,
            268.1273182148911
        ]
    },
    "sen2_rgb_spring": {
        "max": [
            30462.0,
            30170.0,
            29918.0
        ],
        "mean": [
            862.7241876695407,
            976.3697787751614,
            1089.9182970411298
        ],
        "min": [
            0.0,
            0.0,
            0.0
        ],
        "p2": [
            3479.0,
            3075.0,
            3021.0
        ],
        "std": [
            422.6433018250774,
            300.0036562915654,
            262.8507945766473
        ]
    },
    "sen2_rgb_summer": {
        "max": [
            27901.0,
            24360.0,
            25576.0
        ],
        "mean": [
            900.4904439303815,
            1033.3927510335316,
            1121.499781555501
        ],
        "min": [
            0.0,
            0.0,
            0.0
        ],
        "p2": [
            3647.0,
            3265.0,
            3216.0
        ],
        "std": [
            486.53061507211146,
            334.0661191514601,
            297.28216441061784
        ]
    },
    "sen2_rgb_winter": {
        "max": [
            33051.0,
            32999.0,
            32325.0
        ],
        "mean": [
            856.9168632734564,
            980.0581393562744,
            1254.2251500621896
        ],
        "min": [
            0.0,
            0.0,
            0.0
        ],
        "p2": [
            5821.0,
            5099.0,
            5581.0
        ],
        "std": [
            425.11367011075646,
            326.02024521553494,
            328.31841585074505
        ]
    },
    "viirs": {
        "max": [
            535.9389038085938
        ],
        "mean": [
            3.32887572528945
        ],
        "min": [
            -1.5
        ],
        "p2": [
            90.47428894042969
        ],
        "std": [
            8.52628404211377
        ]
    }
}