{
    "dem": {
        "max": [
            2431.603515625
        ],
        "mean": [
            174.36840170209004
        ],
        "min": [
            -748.5090942382812
        ],
        "p2": [
            1369.14697265625
        ],
        "std": [
            146.73762457610277
        ]
    },
    "label_max": 53119.0,
    "lcz": {
        "max": [
            17.0
        ],
        "mean": [
            11.492135234839703
        ],
        "min": [
            0.0
        ],
        "p2": [
            17.0
        ],
        "std": [
            3.6028330757286917
        ]
    },
    "lu": {
        "max": [
            1.0,
            1.0,
            1.0,
            1.0
        ],
        "mean": [
            0.0016502880922664115,
            0.0015810418162337757,
            0.004572384350055681,
            0.023548866011080055
        ],
        "min": [
            0.0,
            0.0,
            0.0,
            0.0
        ],
        "p2": [
            0.5078177452087402,
            0.5643428564071655,
            0.37478506565093994,
            0.9266399145126343
        ],
        "std": [
            0.02903583432048709,
            0.030083057666926618,
            0.03138367459092486,
            0.08723838275429852
        ]
    },
    "sen2autumn": {
        "max": [
            3723.0,
            3298.0,
            3349.0
        ],
        "mean": [
            821.0107414622589,
            977.7769683264656,
            1177.4608070143079
        ],
        "min": [
            0.0,
            0.0,
            0.0
        ],
        "p2": [
            3723.0,
            3298.0,
            3349.0
        ],
        "std": [
            392.92273616158104,
            279.0117264633996,
            250.85487682166706
        ]
    },
    "sen2spring": {
        "max": [
            3479.0,
            3075.0,
            3021.0
        ],
        "mean": [
            861.7946201765,
            975.5381726492761,
            1089.1002338480544
        ],
        "min": [
            0.0,
            0.0,
            0.0
        ],
        "p2": [
            3479.0,
            3075.0,
            3021.0
        ],
        "std": [
            412.41304469444964,
            289.62749918071387,
            251.80214318183124
        ]
    },
    "sen2summer": {
        "max": [
            3647.0,
            3265.0,
            3216.0
        ],
        "mean": [
            899.504034853241,
            1032.4710039454424,
            1120.5180924670226
        ],
        "min": [
            0.0,
            0.0,
            0.0
        ],
        "p2": [
            3647.0,
            3265.0,
            3216.0
        ],
        "std": [
            477.507060961354,
            323.91527834031945,
            285.4453843288346
        ]
    },
    "sen2winter": {
        "max": [
            5821.0,
            5099.0,
            5581.0
        ],
        "mean": [
            855.7204553368814,
            979.0837218103514,
            1253.246062029665
        ],
        "min": [
            0.0,
            0.0,
            0.0
        ],
        "p2": [
            5821.0,
            5099.0,
            5581.0
        ],
        "std": [
            406.03938122560345,
            309.1822245124973,
            311.3571263679083
        ]
    },
    "viirs": {
        "max": [
            90.47428894042969
        ],
        "mean": [
            3.3004007463375213
        ],
        "min": [
            0.0
        ],
        "p2": [
            90.47428894042969
        ],
        "std": [
            8.027633699290327
        ]
    }
}