{
    "class_max": "16",
    "dem": {
        "max": [
            3611.718505859375
        ],
        "mean": [
            815.4900386114617
        ],
        "min": [
            -318.6522216796875
        ],
        "p2": [
            3294.443359375
        ],
        "std": [
            914.6298961347533
        ]
    },
    "label_max": 42024.0,
    "lcz": {
        "max": [
            17.0
        ],
        "mean": [
            10.668332498116799
        ],
        "min": [
            0.0
        ],
        "p2": [
            17.0
        ],
        "std": [
            3.3531788221347725
        ]
    },
    "lu": {
        "max": [
            1.0,
            1.0,
            1.0,
            1.0
        ],
        "mean": [
            0.0017494318997940304,
            0.0004851695876593577,
            0.0018382235455890249,
            0.015001391147875855
        ],
        "min": [
            0.0,
            0.0,
            0.0,
            0.0
        ],
        "p2": [
            0.5427703325153477,
            0.10847315192222595,
            0.292673259973526,
            0.8670675158500671
        ],
        "std": [
            0.030171546364467238,
            0.01722816731245234,
            0.020673366950255453,
            0.07601370211676753
        ]
    },
    "sen2autumn": {
        "max": [
            4603.0,
            4009.0,
            3816.0
        ],
        "mean": [
            848.6134156206637,
            903.8616427784166,
            1024.1389951116046
        ],
        "min": [
            0.0,
            0.0,
            0.0
        ],
        "p2": [
            4603.0,
            4009.0,
            3816.0
        ],
        "std": [
            489.64733421867464,
            330.0301939041598,
            283.20292614304327
        ]
    },
    "sen2spring": {
        "max": [
            5037.0,
            4493.0,
            4392.0
        ],
        "mean": [
            1005.670373670856,
            1021.8404449906831,
            1094.9312131943068
        ],
        "min": [
            0.0,
            0.0,
            0.0
        ],
        "p2": [
            5037.0,
            4493.0,
            4392.0
        ],
        "std": [
            472.5959773131531,
            344.7153599990457,
            304.6132616274035
        ]
    },
    "viirs": {
        "max": [
            69.35438537597656
        ],
        "mean": [
            4.2728609738485135
        ],
        "min": [
            0.0
        ],
        "p2": [
            69.35438537597656
        ],
        "std": [
            8.112120859782397
        ]
    }
}