{
    "lcz": {
        "max": [
            17.0
        ],
        "mean": [
            9.610079264960456
        ],
        "min": [
            0.0
        ],
        "p2": [
            17.0
        ],
        "std": [
            5.159437431575884
        ]
    },
    "lu": {
        "max": [
            3.9082448482513428,
            2.0,
            1.9160561561584473,
            3.9946892261505127
        ],
        "mean": [
            0.0017162581558779271,
            0.0017379805982242512,
            0.00496911008272467,
            0.023911652540357
        ],
        "min": [
            0.0,
            0.0,
            0.0,
            0.0
        ],
        "p2": [
            0.49188318848609924,
            0.5719479322433472,
            0.37668848037719727,
            0.9227274656295776
        ],
        "std": [
            0.02858716392839113,
            0.03077697271035347,
            0.03240993261488482,
            0.08722315865443055
        ]
    },
    "sen2_rgb_autumn": {
        "max": [
            32563.0,
            31634.0,
            31914.0
        ],
        "mean": [
            721.9803638454227,
            845.4917793387868,
            1008.6207090492516
        ],
        "min": [
            0.0,
            0.0,
            0.0
        ],
        "p2": [
            3533.0,
            3111.0,
            3148.0
        ],
        "std": [
            484.7937631328722,
            442.78270078874954,
            485.5184117138935
        ]
    },
    "sen2_rgb_spring": {
        "max": [
            29986.0,
            28499.0,
            29134.0
        ],
        "mean": [
            753.4998099198941,
            844.1173468424357,
            935.3745016165439
        ],
        "min": [
            0.0,
            0.0,
            0.0
        ],
        "p2": [
            3415.0,
            3030.0,
            2989.0
        ],
        "std": [
            498.14631982625593,
            446.1866137146559,
            461.00145536249437
        ]
    },
    "sen2_rgb_summer": {
        "max": [
            24783.0,
            23252.0,
            23349.0
        ],
        "mean": [
            782.2557910525779,
            887.4283866340246,
            954.3672441838363
        ],
        "min": [
            0.0,
            0.0,
            0.0
        ],
        "p2": [
            3548.0,
            3167.0,
            3108.0
        ],
        "std": [
            557.9075282543947,
            479.18979161557513,
            481.9599009387753
        ]
    },
    "sen2_rgb_winter": {
        "max": [
            32304.0,
            32791.0,
            31532.0
        ],
        "mean": [
            752.7842459285157,
            845.4060274252402,
            1071.6162024549403
        ],
        "min": [
            0.0,
            0.0,
            0.0
        ],
        "p2": [
            6040.0,
            5330.0,
            5801.0
        ],
        "std": [
            516.6265359666888,
            475.4033342831391,
            550.08786089851
        ]
    },
    "viirs": {
        "max": [
            5198.0537109375
        ],
        "mean": [
            3.285320692341789
        ],
        "min": [
            -1.5
        ],
        "p2": [
            100.30697631835938
        ],
        "std": [
            16.867957232187372
        ]
    }
}